"ID","Source Type","Title","Authors or Organisation","Year","Geography","Primary Theme","Method or Data","Key Contribution","Main Limitation","Relevance to Proposed Framework","DOI or Source URL","Access","Reading Priority","Status or Notes"
"P01","Peer-reviewed journal article","Enhancing credit scoring with alternative data","Viani Biatat Djeundje; Jonathan Crook; Raffaella Calabrese; Mona Hamid","2021","Nigeria and Mexico","Alternative data; thin-file credit scoring","Microcredit application data; demographic, psychometric, email and other alternative variables; multiple predictive models","Provides direct empirical evidence that alternative data can improve or substitute for conventional data; one data ensemble originated from a Nigerian bank","Does not provide a Nigeria-wide data architecture, production deployment, fairness governance, or MLOps lifecycle","Closest empirical precedent using Nigerian-origin borrower data; use to justify alternative-data experiments and model comparison","https://doi.org/10.1016/j.eswa.2020.113766","Publisher page; author manuscript may be available","Essential","Read methods, dataset construction, validation design, results and limitations in full"
"P02","Working paper / preprint","FairLend-Africa: An Explainable Machine Learning Framework for Alternative Credit Scoring Using Behavioral Financial Data in Financially Excluded African Communities","Ibraheem Olabintan","2026","Africa; Nigeria-affiliated author","Alternative data; XAI; fairness; financial inclusion","Synthetic dataset of 10,000 records; XGBoost and logistic regression; SHAP; fairness audit; REST API and dashboard","Demonstrates an integrated African-oriented prototype with explainability, fairness analysis and deployable interfaces","Synthetic data; SSRN preprint; conclusions require validation on real borrowers and lender operations","Very close system precedent; distinguish the proposed work through real Nigerian data, stronger governance, temporal validation and MLOps","https://doi.org/10.2139/ssrn.6837665","Open abstract; paper available from SSRN","Essential","Treat as a recent non-peer-reviewed precedent, not definitive evidence"
"P03","Preprint","PDx: Adaptive Credit Risk Forecasting Model in Digital Lending using Machine Learning Operations","Sultan Amed; Chan Yu Hang; Sayantan Banerjee","2025","International","MLOps; probability of default; model monitoring","Three credit datasets; champion-challenger modelling; out-of-time validation; monitoring and retraining pipeline","Shows how MLOps can manage credit-model degradation, drift, retraining, reproducibility and production governance","Not designed for Nigeria and does not centre alternative-data inclusion or Nigerian regulation","Primary technical precedent for the proposed monitoring, retraining and champion-challenger architecture","https://arxiv.org/abs/2512.22305","Open access","Essential","Read architecture, target definitions, temporal tests and retraining triggers"
"P04","Journal article","Artificial intelligence and credit risk assessment in Nigeria's digital lending market: an econometric analysis","O. S. Aladejubelo","2026","Nigeria","AI adoption; digital lending; default risk; regulation","Simulated panel data representing fintech operations from 2017 to 2025; logistic regression and panel OLS","Connects AI and alternative-data adoption to credit performance and governance in the Nigerian digital-lending context","Relies on simulated data and an econometric adoption analysis rather than an implemented borrower-level scoring platform","Useful contextual evidence, but the proposed study should make stronger empirical and engineering contributions","https://doi.org/10.31039/bjir.v3i10.115","Open journal page and PDF","High","Scrutinise simulation assumptions and do not treat simulated effects as observed lender outcomes"
"P05","Peer-reviewed journal article","The Role of Artificial Intelligence in Enhancing Financial Inclusion in Microfinance Lending in Nigeria","Saidu Halidu Ibrahim; Abdullahi Usman Ya'u; Amina Umar Ahmed","2025","Nigeria","Microfinance; AI adoption; financial inclusion","Sequential explanatory mixed methods; survey of 720 microfinance stakeholders and 15 interviews","Documents adoption patterns, perceived value and implementation barriers in Nigerian microfinance","Stakeholder perceptions rather than borrower-level default modelling; no deployable scoring pipeline","Supports institutional-adoption analysis and requirements for microfinance users of the framework","https://doi.org/10.61143/umyu-jafr.8(1)2025.027","Open journal page","High","Use for adoption barriers and stakeholder context, not model-performance claims"
"P06","Peer-reviewed proceedings article","AI for women's financial inclusion: analysis of product design and policy approaches in Nigeria","A. Oloko","2024","Nigeria","Gender inclusion; AI policy; responsible design","Qualitative analysis of public data and Nigerian fintech services","Shows that technology alone does not ensure inclusion and highlights gender bias, access, affordability, appropriateness and sustainability","Not an empirical credit-scoring experiment and does not build a model","Important source for subgroup fairness, gender-disaggregated evaluation and inclusion outcomes","https://doi.org/10.1017/dap.2024.62","Open access","Essential","Use to prevent the project from equating model availability with genuine inclusion"
"P07","Peer-reviewed journal article","Use of Machine Learning Techniques to Create a Credit Score Model for Airtime Loans","Bernard Dushimimana; Yvonne Wambui; Timothy Lubega; Patrick E. McSharry","2020","Rwanda / African telecom lending","Alternative data; airtime lending; profitability","More than 3 million loans and over 41,000 customers; logistic regression, decision trees and random forest","Demonstrates large-scale behavioural credit modelling and evaluates business profitability as well as classification performance","Product- and market-specific; limited demographic fairness evidence; no general Nigerian adoption framework","Strong methodological example for behavioural data, rare-event defaults and financial-value evaluation","https://doi.org/10.3390/jrfm13080180","Open access","Essential","Read target window, leakage controls, cross-validation and profit analysis carefully"
"P08","Peer-reviewed journal article","Who gets the money? A qualitative analysis of fintech lending and credit scoring through the adoption of AI and alternative data","Maximilian Tigges; Sonke Mestwerdt; Sebastian Tschirner; Rene Mauer","2024","International","Alternative data; ethics; fintech lending","Gioia qualitative method; interviews with 26 experts","Synthesises benefits for risk management and inclusion alongside consent, bias, privacy, traceability and accountability risks","Qualitative and not Nigeria-specific; does not validate predictive models","Useful global best-practice and responsible-AI foundation for governance requirements","https://doi.org/10.1016/j.techfore.2024.123491","Publisher page; may require institutional access","Essential","Code its governance themes into system requirements"
"P09","Systematic literature review","Machine learning powered financial credit scoring: a systematic literature review","Artificial Intelligence Review","2025","Global","ML credit scoring; alternative data; explainability","Systematic synthesis of machine-learning credit-scoring studies","Identifies recurring gaps in standardised datasets, evaluation, interpretability, privacy, fairness and real-world implementation","Broad review; conclusions may not capture all Nigerian market and regulatory conditions","Use to structure the formal literature review and demonstrate where the integrated framework contributes","https://doi.org/10.1007/s10462-025-11416-2","Publisher page","Essential","Use its search strategy and references to expand the final corpus"
"P10","Working paper","How do machine learning and non-traditional data affect credit scoring? New evidence from a Chinese fintech firm","Leonardo Gambacorta; Yiping Huang; Han Qiu; Jingyi Wang","2019","China","Non-traditional data; ML; stress performance","Proprietary transaction-level fintech data; comparison of ML and traditional models under normal conditions and a credit-supply shock","Finds that ML with non-traditional data can improve loss/default prediction, particularly under stress, while the advantage falls for borrowers with longer histories","Different regulatory and market context; proprietary model details may be limited","Global benchmark for testing robustness under economic shifts and thin-file versus thick-file segments","https://www.bis.org/publ/work834.htm","Open access","High","Use for stress testing and borrower-history segmentation"
"W01","Official policy portal","Financial Inclusion and National Financial Inclusion Strategy resources","Central Bank of Nigeria","Current portal","Nigeria","Financial inclusion policy; targets; enabling infrastructure","Official strategy documents and policy resources","Defines Nigeria's policy objectives, access dimensions, target populations and institutional context","Policy goals are not evidence that targets were achieved; individual documents have different dates","Grounds the problem statement, adoption environment and inclusion outcome measures","https://www.cbn.gov.ng/fininc/","Open web and linked PDFs","Essential","Use the latest available strategy document and record its publication date"
"W02","Official survey and dataset portal","Access to Financial Services in Nigeria 2023 Survey","Enhancing Financial Innovation and Access (EFInA)","2023","Nigeria","Financial inclusion; consumer behaviour; underserved groups","Nationwide demand-side survey covering more than 20,000 consumers; dataset available by proposal","Provides recent Nigerian evidence on formal inclusion, exclusion, product usage and consumer financial lives","Cross-sectional inclusion survey; not a labelled loan-default dataset","Supports population context, segment design and possible non-default inclusion analyses","https://efina.org.ng/research/","Open reports; microdata requires a request to EFInA","Essential","Request the dataset with a short academic research proposal if individual-level analysis is needed"
"W03","Statute","Nigeria Data Protection Act 2023","Federal Republic of Nigeria; Nigeria Data Protection Commission","2023","Nigeria","Privacy; lawful processing; data-subject rights; governance","Primary legislation","Establishes the legal framework governing personal-data processing and the NDPC","Legal interpretation requires qualified review; implementing guidance may evolve","Must inform consent, data minimisation, sensitive/proxy features, retention, security, DPIA and automated-decision governance","https://ndpc.gov.ng/wp-content/uploads/2024/03/Nigeria_Data_Protection_Act_2023.pdf","Open official PDF","Essential","Use the Act itself rather than summaries; verify current NDPC guidance before final design"
"W04","Official regulation","Digital, Electronic, Online, or Non-Traditional Consumer Lending Regulations 2025 and Guidelines","Federal Competition and Consumer Protection Commission","2025","Nigeria","Digital lending; consumer protection; transparency; responsible conduct","Regulation and implementation guidance","Provides a detailed reference for digital-lending registration, disclosure, privacy, redress and responsible conduct","Implementation and enforcement were reported suspended by a Federal High Court order in May 2026; legal status may change","Relevant to adoption controls, but every legal claim must state and verify the current enforcement status","https://fccpc.gov.ng/registration-of-digital-money-lenders/","Open official web and PDFs","Essential","Do not describe as fully enforceable without checking the latest court and FCCPC update"
"W05","Official legal-status notice","WASPAN v. FCCPC: notice suspending implementation and enforcement of the DEON Regulations 2025","Federal Competition and Consumer Protection Commission","2026","Nigeria","Regulatory status; digital lending","Official FCCPC notice concerning Federal High Court proceedings","Records that FCCPC suspended implementation and enforcement in response to an April 2026 ex-parte order","Procedural status may change after the date of the notice","Prevents the research from presenting the 2025 DEON rules as unquestionably active; supports a current-law verification step","https://fccpc.gov.ng/wireless-application-service-providers-association-of-nig-ltd-gte-waspan-v-fccpc/","Open official notice","Essential","Recheck before proposal submission, ethics review, pilot design and publication"
"W06","Official dataset","Nigeria: Global Financial Inclusion (Global Findex) Database 2021","World Bank Development Research Group","2021","Nigeria","Financial inclusion; borrowing; payments; accounts","Country microdata, questionnaire, codebook and global report; DOI-indexed dataset","Provides internationally comparable inclusion indicators and individual-level Nigerian survey data","Not a loan-performance dataset and predates recent Nigerian market developments","Useful for international comparison, descriptive analysis and underserved-population profiling","https://doi.org/10.48529/fb50-4w83","Open metadata and downloads","High","Use survey weights and codebook; do not derive default-risk labels from inclusion indicators"
"W07","Official global report","The Global Findex Database 2021: Financial Inclusion, Digital Payments, and Resilience in the Age of COVID-19","Asli Demirguc-Kunt; Leora Klapper; Dorothe Singer; Saniya Ansar; World Bank","2022","Global with Nigeria data","Financial inclusion; digital payments; borrowing","Global representative survey report and database","Supplies global benchmarks and definitions for inclusion, account ownership, payments, saving and borrowing","Latest full global wave listed here is 2021; country conditions may have changed","Provides the global comparison required by the phrase 'adapting global best practices'","https://doi.org/10.1596/978-1-4648-1897-4","Open report","High","Use alongside the Nigeria-specific Findex microdata and EFInA 2023"
"W08","Official guidance report","The Use of Alternative Data in Credit Risk Assessment","World Bank Group","Recent report","Global / emerging markets","Alternative data; credit infrastructure; consumer protection","Policy and industry evidence review with implementation examples","Summarises adoption models, data categories, benefits, partnerships and associated risks","Not a Nigeria-specific borrower-level experiment","Useful for data-source selection, lender partnerships, safeguards and global practice comparisons","https://openknowledge.worldbank.org/bitstreams/dde85d69-37ac-415e-bc9d-9d6990189da2/download","Open PDF","High","Extract an evidence table of data types, benefits, risks and governance safeguards"
